#{"t_start": 1765984810.0664325, "env_id": "None"}
r,l,t
29.91407,199,1.892639
-2.397487,199,2.287772
40.667839,199,2.680248
51.723116,199,3.020659
40.31608,199,3.369364
66.346231,199,3.714846
57.853769,199,4.055043
106.999497,199,4.615694
28.607538,199,5.030774
29.713065,199,5.455345
122.627638,199,12.462493
-1.090955,199,12.811775
109.260804,199,13.155369
89.411558,199,13.483474
122.577387,199,13.806086
103.532161,199,14.132138
22.728141,199,14.465445
111.120101,199,14.794963
-8.226633,199,15.122708
73.582412,199,15.458941
53.381407,199,21.944342
51.873869,199,22.306422
97.602513,199,22.639951
114.637688,199,22.978888
122.627638,199,23.312231
95.190452,199,23.633397
70.416583,199,23.979983
129.713065,199,24.333335
113.230653,199,24.673561
113.582412,199,25.028519
144.135176,199,31.482776
142.677889,199,31.890212
138.607538,199,32.314075
173.88392,199,32.677883
171.371357,199,33.019568
150.265829,199,33.363045
164.386432,199,33.712591
163.733166,199,34.041084
159.160302,199,34.391051
92.627638,199,34.810847
140.768342,199,35.149157
171.270854,199,41.522007
122.728141,199,41.853734
135.793467,199,42.200898
186.748241,199,42.533948
180.31608,199,42.924334
160.265829,199,43.311689
199.411558,199,43.656248
134.436683,199,44.005562
165.642714,199,44.359134
181.270854,199,44.771919
195.441709,199,51.758976
146.848744,199,52.111951
230.919095,199,52.476561
191.773367,199,52.83867
209.863819,199,53.178618
155.190452,199,53.512787
179.260804,199,53.861408
217.954271,199,54.237063
163.88392,199,54.573926
167.401508,199,54.92999
149.863819,199,63.056383
242.476884,199,63.397425
183.88392,199,63.726035
209.91407,199,64.071483
232.476884,199,64.406931
243.984422,199,64.727757
233.431658,199,65.038192
226.949246,199,65.392339
220.466834,199,65.705072
190.868844,199,66.014384
199.461809,199,66.349112
265.49196,199,73.135774
232.979397,199,73.505849
238.507035,199,73.842472
236.999497,199,74.202504
225.994472,199,74.545777
254.486935,199,74.868089
194.989447,199,75.195258
194.989447,199,75.519965
202.979397,199,75.827326
203.431658,199,76.147645
210.416583,199,83.772945
244.537186,199,84.14313
267.50201,199,84.491037
264.034673,199,84.861331
263.532161,199,85.225924
241.522111,199,85.591076
231.019598,199,86.031682
209.51206,199,86.392029
223.48191,199,86.771385
260.014573,199,87.20047
225.441709,199,93.893239
260.466834,199,94.226415
251.522111,199,94.55325
250.517085,199,94.893423
256.999497,199,95.238799
215.039698,199,95.558657
261.522111,199,95.904903
271.019598,199,96.26886
258.507035,199,96.668234
243.984422,199,97.014361
245.039698,199,103.875038
256.044724,199,104.221323
260.014573,199,104.541615
261.522111,199,104.862974
242.527136,199,105.174704
261.522111,199,105.51293
279.009548,199,105.824688
242.476884,199,106.135623
265.039698,199,106.453568
250.014573,199,106.776335
252.024623,199,107.095302
261.522111,199,113.692352
281.522111,199,114.022939
258.004523,199,114.382324
255.542211,199,114.708964
255.994472,199,115.030613
270.014573,199,115.379191
225.49196,199,115.70908
270.517085,199,116.046083
265.994472,199,116.597336
236.999497,199,116.932966
280.014573,199,123.623266
273.532161,199,124.013442
265.49196,199,124.444811
261.522111,199,124.841882
272.024623,199,125.20085
259.51206,199,125.641
265.542211,199,126.205974
258.507035,199,126.814185
245.542211,199,127.25367
275.542211,199,127.689378
263.532161,199,138.30241
258.004523,199,139.030722
244.537186,199,139.616386
273.029648,199,140.213948
251.019598,199,140.847602
254.034673,199,141.587286
266.044724,199,142.301863
239.964322,199,142.896437
245.542211,199,143.534147
242.024623,199,144.218405
266.044724,199,144.822935
246.999497,199,152.027071
250.517085,199,152.362027
261.019598,199,152.695462
250.014573,199,153.056263
281.522111,199,153.415926
255.994472,199,153.7513
225.994472,199,154.123864
285.542211,199,154.482629
252.979397,199,154.82508
264.537186,199,155.181366
265.542211,199,161.943667
273.532161,199,162.315361
273.029648,199,162.673653
262.476884,199,163.050432
276.496985,199,163.443752
258.004523,199,163.866068
240.919095,199,164.248159
271.522111,199,164.587666
252.979397,199,164.926141
245.441709,199,165.26261
273.029648,199,172.133637
271.019598,199,172.521711
281.019598,199,173.000056
265.994472,199,173.466508
275.49196,199,173.848362
274.537186,199,174.250875
263.532161,199,174.668007
261.522111,199,175.023582
240.466834,199,175.395959
262.426633,199,175.782207
251.974372,199,182.61557
254.989447,199,182.970308
236.446734,199,183.313577
243.934171,199,183.653919
260.969347,199,183.996997
241.471859,199,184.332966
259.51206,199,184.682268
270.517085,199,185.0246
280.517085,199,185.356595
224.989447,199,185.699391
249.461809,199,186.033664
285.542211,199,192.948909
275.542211,199,193.304476
272.024623,199,193.617953
270.517085,199,193.986317
240.014573,199,194.333479
284.034673,199,194.652402
266.496985,199,194.99518
276.999497,199,195.324434
286.547236,199,195.633266
276.496985,199,195.971784
273.48191,199,202.890035
270.014573,199,203.410135
280.517085,199,203.887527
259.51206,199,204.262097
261.522111,199,204.606803
279.009548,199,204.9393
280.014573,199,205.310577
273.984422,199,205.652943
280.014573,199,205.99103
287.552261,199,206.32391
254.486935,199,212.873867
250.416583,199,213.213547
239.461809,199,213.5448
258.004523,199,213.876151
274.486935,199,214.212134
265.039698,199,214.536614
273.029648,199,214.968864
262.979397,199,215.305085
271.019598,199,215.633795
222.878894,199,215.965975
277.50201,199,216.335934
279.009548,199,223.740898
274.486935,199,224.118668
279.51206,199,224.522621
266.999497,199,224.872375
255.49196,199,225.224034
284.034673,199,225.579401
277.50201,199,226.01549
278.507035,199,226.411207
264.537186,199,226.979613
269.461809,199,227.412776
266.496985,199,236.46767
282.024623,199,236.829676
261.471859,199,237.201154
270.014573,199,237.562661
274.034673,199,237.904644
282.024623,199,238.268673
272.527136,199,238.643583
266.496985,199,239.020067
271.522111,199,239.373934
255.49196,199,239.712543
273.029648,199,247.767844
263.984422,199,248.166718
268.507035,199,248.519858
246.999497,199,248.860982
248.507035,199,249.218327
270.517085,199,249.563668
273.532161,199,249.89993
278.507035,199,250.307561
281.019598,199,250.663539
279.009548,199,251.034654
273.532161,199,258.088134
253.532161,199,258.456383
268.507035,199,258.808838
272.527136,199,259.216156
258.959296,199,259.602546
283.532161,199,259.990632
256.496985,199,260.404603
257.50201,199,260.788447
269.009548,199,261.167124
271.019598,199,261.516993
263.934171,199,261.88746
267.954271,199,269.290384
269.009548,199,269.784022
260.466834,199,270.170403
253.48191,199,270.586982
265.994472,199,271.025033
268.507035,199,271.466385
275.542211,199,271.969756
247.50201,199,272.513355
273.48191,199,272.92784
280.014573,199,273.311716
270.969347,199,280.459797
284.537186,199,280.815856
271.974372,199,281.325644
277.50201,199,281.701935
270.517085,199,282.082338
284.537186,199,282.451534
266.999497,199,282.803888
276.044724,199,283.182202
275.49196,199,283.539692
278.557286,199,283.906658
268.054774,199,291.148747
284.537186,199,291.519722
277.552261,199,291.86813
282.024623,199,292.239424
278.004523,199,292.598468
263.532161,199,292.948955
264.989447,199,293.317455
286.547236,199,293.731692
285.542211,199,294.127072
251.974372,199,294.499795
276.044724,199,294.861856
264.537186,199,302.186454
262.527136,199,302.539172
283.532161,199,302.900975
273.029648,199,303.277433
266.044724,199,303.633034
284.537186,199,304.004602
287.049749,199,304.390233
264.034673,199,304.736223
268.054774,199,305.147642
275.039698,199,305.528751
281.522111,199,312.734932
285.039698,199,313.113544
272.527136,199,313.52002
283.532161,199,313.906648
272.527136,199,314.300469
287.552261,199,314.652059
274.034673,199,315.036923
269.009548,199,315.489868
282.024623,199,315.848366
278.507035,199,316.210026
266.496985,199,323.121299
257.954271,199,323.501112
258.507035,199,323.895604
263.984422,199,324.393014
260.014573,199,324.759684
253.029648,199,325.174642
253.532161,199,325.569339
272.024623,199,325.959274
255.994472,199,326.331655
272.024623,199,326.673522
279.009548,199,327.038343
277.50201,199,334.246379
268.959296,199,334.612037
263.532161,199,334.964044
271.974372,199,335.386683
277.50201,199,335.796358
277.50201,199,336.242236
262.024623,199,336.62125
253.934171,199,337.160369
274.537186,199,337.581017
252.979397,199,337.998262
269.964322,199,345.334165
268.507035,199,345.689432
255.542211,199,346.041267
243.48191,199,346.404152
263.532161,199,346.784463
234.989447,199,347.211627
249.964322,199,347.716514
267.049749,199,348.133345
274.537186,199,348.488138
267.50201,199,348.827651
270.969347,199,357.18185
253.029648,199,357.802253
250.868844,199,358.33594
256.999497,199,358.815783
252.426633,199,359.300978
282.024623,199,359.705563
265.441709,199,360.126839
272.024623,199,360.534078
284.537186,199,360.946031
281.522111,199,361.380712
262.929146,199,369.104021
280.517085,199,369.610078
269.51206,199,370.025614
273.532161,199,370.555385
281.019598,199,371.004184
275.039698,199,371.410135
271.522111,199,371.847282
256.547236,199,372.270573
280.014573,199,372.644813
265.49196,199,373.063841
270.517085,199,373.467064
282.527136,199,380.810679
280.517085,199,381.211539
266.999497,199,381.567016
280.014573,199,382.031509
276.999497,199,382.461257
281.522111,199,382.841864
284.537186,199,383.228297
281.522111,199,383.596752
285.542211,199,383.978283
258.004523,199,384.361238
262.024623,199,391.777465
243.532161,199,392.175722
252.929146,199,392.556432
278.507035,199,392.930295
249.411558,199,393.304377
260.466834,199,393.753343
257.451759,199,394.138425
263.984422,199,394.543907
250.969347,199,394.925742
261.471859,199,395.325168
272.024623,199,402.420696
282.527136,199,402.774996
266.999497,199,403.131851
281.019598,199,403.472373
268.507035,199,403.791685
263.431658,199,404.115762
272.979397,199,404.433944
263.984422,199,404.767529
254.939196,199,405.201125
282.527136,199,405.533271
256.949246,199,405.90154
273.029648,199,413.104615
283.532161,199,413.475437
265.994472,199,413.831662
282.527136,199,414.187654
285.039698,199,414.529242
272.527136,199,414.892178
284.537186,199,415.233252
279.51206,199,415.574895
269.51206,199,415.940948
283.532161,199,416.304363
274.034673,199,423.170913
259.964322,199,423.547896
274.034673,199,423.919269
284.537186,199,424.294892
281.019598,199,424.641241
287.552261,199,424.976355
287.049749,199,425.309548
276.547236,199,425.729286
287.552261,199,426.095604
275.039698,199,426.452495
281.019598,199,433.296658
285.542211,199,433.650831
279.51206,199,434.013802
244.989447,199,434.368666
277.50201,199,434.703536
264.486935,199,435.092333
273.532161,199,435.447344
258.507035,199,435.791418
268.456784,199,436.144371
268.507035,199,436.497816
276.999497,199,443.415949
284.537186,199,443.786156
246.496985,199,444.137532
280.517085,199,444.481274
270.466834,199,444.831906
270.969347,199,445.173272
287.552261,199,445.50844
255.49196,199,445.845828
263.984422,199,446.192815
284.034673,199,446.550763
268.507035,199,446.893309
284.537186,199,453.768846
271.019598,199,454.179368
271.522111,199,454.536335
281.522111,199,454.894076
283.532161,199,455.240365
285.039698,199,455.626838
273.532161,199,456.013259
282.527136,199,456.476519
284.537186,199,456.839297
285.542211,199,457.183025
288.054774,199,464.034335
277.50201,199,464.490712
265.039698,199,464.849601
281.019598,199,465.226972
274.034673,199,465.573162
279.009548,199,465.923287
272.527136,199,466.274008
272.527136,199,466.632309
274.537186,199,466.970502
283.532161,199,467.315927
269.009548,199,474.146518
284.034673,199,474.494951
276.999497,199,474.859377
251.471859,199,475.20365
266.999497,199,475.540257
245.391457,199,475.872383
273.48191,199,476.204215
275.994472,199,476.527578
263.48191,199,476.848902
261.974372,199,477.173115
263.48191,199,477.511809
275.542211,199,484.719617
268.507035,199,485.104533
281.522111,199,485.54495
266.999497,199,485.920375
259.964322,199,486.280323
252.979397,199,486.624556
272.979397,199,486.972333
277.50201,199,487.372828
257.451759,199,487.752952
266.496985,199,488.11192
275.039698,199,495.156133
263.029648,199,495.546911
283.532161,199,495.901234
283.532161,199,496.250046
274.034673,199,496.597245
279.009548,199,496.949121
278.507035,199,497.305131
257.50201,199,497.675329
273.984422,199,498.028117
267.50201,199,498.373981
261.471859,199,505.247867
273.984422,199,505.610152
270.014573,199,505.956941
278.507035,199,506.296604
264.537186,199,506.636932
278.004523,199,506.975461
264.989447,199,507.319767
262.024623,199,507.667445
274.486935,199,508.042199
281.019598,199,508.402431
280.517085,199,515.370185
252.024623,199,515.739988
272.024623,199,516.155966
279.51206,199,516.567021
273.029648,199,516.939593
253.48191,199,517.402433
279.009548,199,517.757172
259.51206,199,518.151871
264.989447,199,518.523509
250.969347,199,518.907548
271.019598,199,519.272392
